Name,Purpose,Quantity,Total Cost (USD),Link,Distributor
"Stomp Switch","To toggle each effect",1,25.53,"https://www.daraz.com.np/products/miwayer-510pcs-3pdt-footswitch-latching-stomp-switch-triple-pole-double-throw-9-pin-latching-push-button-for-diy-guitar-pedal-i1514638928-s12313000382.html?c=&channelLpJumpArgs=&clickTrackInfo=query%253A9%252Bpin%252Bstomp%252Bswitches%253Bnid%253A1514638928%253Bsrc%253ALazadaMainSrp%253Brn%253A6830ca41aa799e440582e4810d32e2c0%253Bregion%253Anp%253Bsku%253A1514638928_NP%253Bprice%253A3953%253Bclient%253Adesktop%253Bsupplier_id%253A900279168309%253Bsession_id%253A%253Bbiz_source%253Ah5_external%253Bslot%253A7%253Butlog_bucket_id%253A470687%253Basc_category_id%253A3713%253Bitem_id%253A1514638928%253Bsku_id%253A12313000382%253Bshop_id%253A198893%253BtemplateInfo%253A&configId=choice_NP_promotion&freeshipping=0&fs_ab=1&fuse_fs=&lang=en&location=Overseas&price=3953&priceCompare=skuId%3A12313000382%3Bsource%3Alazada-search-voucher%3Bsn%3A6830ca41aa799e440582e4810d32e2c0%3BoriginPrice%3A395300%3BdisplayPrice%3A395300%3BsinglePromotionId%3A400000000001000%3BsingleToolCode%3ApromPrice%3BvoucherPricePlugin%3A0%3Btimestamp%3A1776233287236&ratingscore=&request_id=6830ca41aa799e440582e4810d32e2c0&review=&sale=1&search=1&source=search&spm=a211g0.searchlist.list.7&stock=1&upItemIds=1514638928","Daraz Nepal"
"50k Potentiometer","Used in circuit",1,7.38,"https://www.daraz.com.np/products/5pcs-wh148-3pin-20mm-potentiometer-b1k-b2k-b5k-b10k-b20k-b50k-b100k-b250k-b500k-b1m-1k-2k-5k-10k-20k-50k-100k-250k-500k-1m-i481029516-s2161467444.html","Daraz Nepal"
"20k potentiometer","Used in circuit",1,5.08,"https://www.daraz.com.np/products/5pcs-wh148-3pin-20mm-potentiometer-b1k-b2k-b5k-b10k-b20k-b50k-b100k-b250k-b500k-b1m-1k-2k-5k-10k-20k-50k-100k-250k-500k-1m-i481029516-s2161467443.html","Daraz Nepal"
"2k Potentiometer","Used in circuit",1,5.22,"https://www.daraz.com.np/products/5pcs-wh148-3pin-20mm-potentiometer-b1k-b2k-b5k-b10k-b20k-b50k-b100k-b250k-b500k-b1m-1k-2k-5k-10k-20k-50k-100k-250k-500k-1m-i481029516-s2161467437.html","Daraz Nepal"
"10k Potentiometer","Used in circuit",1,0.63,"https://www.daraz.com.np/products/10k-potentiometer5-pcs-i135751077-s1060884241.html?c=&channelLpJumpArgs=&clickTrackInfo=query%253Apotentiometer%253Bnid%253A135751077%253Bsrc%253ALazadaMainSrp%253Brn%253A23e679233ce21c7145224ac55f10885f%253Bregion%253Anp%253Bsku%253A135751077_NP%253Bprice%253A94%253Bclient%253Adesktop%253Bsupplier_id%253A900151926015%253Bsession_id%253A%253Bbiz_source%253Ah5_external%253Bslot%253A2%253Butlog_bucket_id%253A470687%253Basc_category_id%253A10000489%253Bitem_id%253A135751077%253Bsku_id%253A1060884241%253Bshop_id%253A35700%253BtemplateInfo%253A&freeshipping=0&fs_ab=1&fuse_fs=&lang=en&location=Bagmati%20Province&price=94&priceCompare=skuId%3A1060884241%3Bsource%3Alazada-search-voucher%3Bsn%3A23e679233ce21c7145224ac55f10885f%3BoriginPrice%3A9400%3BdisplayPrice%3A9400%3BsinglePromotionId%3A50000041866007%3BsingleToolCode%3ApromPrice%3BvoucherPricePlugin%3A0%3Btimestamp%3A1776157267691&ratingscore=4.5&request_id=23e679233ce21c7145224ac55f10885f&review=4&sale=17&search=1&source=search&spm=a2a0e.searchlist.list.2&stock=1","Daraz Nepal"
"100k Potentiometer","Used in circuit",1,1.24,"https://www.daraz.com.np/products/potentiometer-1k5k10k100k-5-pcs-i125469178-s1134645078.html?c=&channelLpJumpArgs=&clickTrackInfo=query%253Apotentiometer%253Bnid%253A125469178%253Bsrc%253ALazadaMainSrp%253Brn%253A4f98b8f1e03048077ab64d95229b6f97%253Bregion%253Anp%253Bsku%253A125469178_NP%253Bprice%253A185%253Bclient%253Adesktop%253Bsupplier_id%253A900156978057%253Bsession_id%253A%253Bbiz_source%253Ahttps%253A%252F%252Fwww.daraz.com.np%252F%253Bslot%253A5%253Butlog_bucket_id%253A470687%253Basc_category_id%253A10000489%253Bitem_id%253A125469178%253Bsku_id%253A1134645078%253Bshop_id%253A87928%253BtemplateInfo%253A&freeshipping=0&fs_ab=1&fuse_fs=&lang=en&location=Bagmati%20Province&price=185&priceCompare=skuId%3A1134645078%3Bsource%3Alazada-search-voucher%3Bsn%3A4f98b8f1e03048077ab64d95229b6f97%3BoriginPrice%3A18500%3BdisplayPrice%3A18500%3BsinglePromotionId%3A-1%3BsingleToolCode%3A-1%3BvoucherPricePlugin%3A0%3Btimestamp%3A1776157422285&ratingscore=4.086956521739131&request_id=4f98b8f1e03048077ab64d95229b6f97&review=23&sale=170&search=1&source=search&spm=a2a0e.searchlist.list.5&stock=1","Daraz Nepal"
"500k Potentiometer","Used in circuit",1,5.08,"https://www.daraz.com.np/products/5pcs-wh148-3pin-20mm-potentiometer-b1k-b2k-b5k-b10k-b20k-b50k-b100k-b250k-b500k-b1m-1k-2k-5k-10k-20k-50k-100k-250k-500k-1m-i481029516-s2161467441.html?c=&channelLpJumpArgs=&clickTrackInfo=query%253Apotentiometer%253Bnid%253A481029516%253Bsrc%253ALazadaMainSrp%253Brn%253Af10e42714396faba190930989c619763%253Bregion%253Anp%253Bsku%253A481029516_NP%253Bprice%253A757%253Bclient%253Adesktop%253Bsupplier_id%253A900279168309%253Bsession_id%253A%253Bbiz_source%253Ahttps%253A%252F%252Fwww.daraz.com.np%252F%253Bslot%253A28%253Butlog_bucket_id%253A470687%253Basc_category_id%253A10000489%253Bitem_id%253A481029516%253Bsku_id%253A2161467441%253Bshop_id%253A198893%253BtemplateInfo%253A&configId=choice_NP_promotion&freeshipping=0&fs_ab=1&fuse_fs=&lang=en&location=Overseas&price=757&priceCompare=skuId%3A2161467441%3Bsource%3Alazada-search-voucher%3Bsn%3Af10e42714396faba190930989c619763%3BoriginPrice%3A75700%3BdisplayPrice%3A75700%3BsinglePromotionId%3A50000021970002%3BsingleToolCode%3AshopPromPrice_choiceEarlyBird%3BvoucherPricePlugin%3A0%3Btimestamp%3A1776157455110&ratingscore=&request_id=f10e42714396faba190930989c619763&review=&sale=1&search=1&source=search&spm=a211g0.searchlist.list.28&stock=1&upItemIds=481029516","Daraz Nepal"
"B100k Potentiometer","Used in circuit",1,0.50,"https://www.daraz.com.np/products/2pcslot-wh148-b1k-b2k-b5k-b10k-b20k-b50k-b100k-b500k-3pin-15mm-shaft-amplifier-dual-stereo-potentiometer-1k-2k-5k-10k-50k-100k-i185042267-s1223326071.html","Daraz Nepal"
"B500K Potentiometer","Used in circuit",1,0.50,"https://www.daraz.com.np/products/2pcslot-wh148-b1k-b2k-b5k-b10k-b20k-b50k-b100k-b500k-3pin-15mm-shaft-amplifier-dual-stereo-potentiometer-1k-2k-5k-10k-50k-100k-i185042267-s1223326071.html","Daraz Nepal"
"PCB","To house all the components",1,8.20,"https://cart.jlcpcb.com/quote?spm=jlcpcb.Public.2006","JLCPCB"
"DC Barrel Jack","To connect the board to a power supply",1,0.44,"https://www.daraz.com.np/products/2-pcs-set-universal-dc-female-jack-connector-5v9v12v-i123504998-s1033563120.html?c=&channelLpJumpArgs=&clickTrackInfo=query%253Adc%252Bfemale%252Bjack%253Bnid%253A123504998%253Bsrc%253ALazadaMainSrp%253Brn%253A66ab9384021de35721aa43fa2a02c2e6%253Bregion%253Anp%253Bsku%253A123504998_NP%253Bprice%253A65%253Bclient%253Adesktop%253Bsupplier_id%253A1009688%253Bsession_id%253A%253Bbiz_source%253Ah5_external%253Bslot%253A6%253Butlog_bucket_id%253A470687%253Basc_category_id%253A10000485%253Bitem_id%253A123504998%253Bsku_id%253A1033563120%253Bshop_id%253A19504%253BtemplateInfo%253A&freeshipping=0&fs_ab=1&fuse_fs=&lang=en&location=Lumbini%20Province&price=65&priceCompare=skuId%3A1033563120%3Bsource%3Alazada-search-voucher%3Bsn%3A66ab9384021de35721aa43fa2a02c2e6%3BoriginPrice%3A6500%3BdisplayPrice%3A6500%3BsinglePromotionId%3A-1%3BsingleToolCode%3AmockedSalePrice%3BvoucherPricePlugin%3A0%3Btimestamp%3A1776157121949&ratingscore=3.0&request_id=66ab9384021de35721aa43fa2a02c2e6&review=1&sale=8&search=1&source=search&spm=a2a0e.searchlist.list.6&stock=1","Daraz Nepal"
"1uF Capacitor","To store charge",1,0.88,"https://www.daraz.com.np/products/100pcs-50v-monolithic-ceramic-capacitor-10pf-10uf-22pf-47nf-220nf-1nf-47uf-1uf-100nf-330nf-01uf-102-104-105-106-103-473-334-i361431195-s1589617283.html","Daraz Nepal"
"220nF capacitor","To store charge",1,0.88,"https://www.daraz.com.np/products/100pcs-50v-monolithic-ceramic-capacitor-10pf-10uf-22pf-47nf-220nf-1nf-47uf-1uf-100nf-330nf-01uf-102-104-105-106-103-473-334-i361431195-s1589617279.html","Daraz Nepal"
"100nF Capactor","To store charge",1,1.82,"https://www.daraz.com.np/products/100pcs-ceramic-capacitor-50v-1pf-100nf-01uf-104-47pf-10pf-22pf-33pf-47pf-100pf-101-220pf-10nf-330pf-470pf-1nf-103-47nf-473-i185058068-s1223273942.html","Daraz Nepal"
"Ceramic capacitors","To store charge",1,7.91,"https://www.daraz.com.np/products/7-value-components-big-kit-35mm-led-diodes-and-triodes-ceramics-electrolytic-ceramics-capacitors-metal-film-resistors-i416694596-s1793736724.html","Daraz Nepal"
"Capacitors","To store charge",1,2.97,"https://www.daraz.com.np/products/15-200-01-220-i182333371-s1214207392.html?c=&channelLpJumpArgs=&clickTrackInfo=query%253Acapacitor%252Bkit%253Bnid%253A182333371%253Bsrc%253ALazadaMainSrp%253Brn%253A02921fc815ed4686e43cfafe5bc7ecd9%253Bregion%253Anp%253Bsku%253A182333371_NP%253Bprice%253A443%253Bclient%253Adesktop%253Bsupplier_id%253A900262304077%253Bsession_id%253A%253Bbiz_source%253Ahttps%253A%252F%252Fwww.daraz.com.np%252F%253Bslot%253A0%253Butlog_bucket_id%253A470687%253Basc_category_id%253A10000489%253Bitem_id%253A182333371%253Bsku_id%253A1214207392%253Bshop_id%253A167264%253BtemplateInfo%253A&freeshipping=0&fs_ab=1&fuse_fs=&lang=en&location=Overseas&price=443&priceCompare=skuId%3A1214207392%3Bsource%3Alazada-search-voucher%3Bsn%3A02921fc815ed4686e43cfafe5bc7ecd9%3BoriginPrice%3A44300%3BdisplayPrice%3A44300%3BsinglePromotionId%3A-1%3BsingleToolCode%3AmockedSalePrice%3BvoucherPricePlugin%3A0%3Btimestamp%3A1776155387473&ratingscore=4.0&request_id=02921fc815ed4686e43cfafe5bc7ecd9&review=4&sale=24&search=1&source=search&spm=a2a0e.searchlist.list.0&stock=1","Daraz Nepal"
"2.2M Resistor","To resist current",1,0.66,"https://www.daraz.com.np/products/50pcs-12w-1-metal-film-resistor-1r22m-100r-220r-330r-1k-15k-22k-33k-47k-10k-22k-47k-100k-100-220-330-1k5-2k2-3k3-4k7-ohm-i183239816-s1217295871.html","Daraz Nepal"
"Resistors","To resist current",1,3.92,"https://www.daraz.com.np/products/30-kinds-14w-resistance-1-accuracy-metal-film-resistor-pack-600pcs-in-1-set-i156026363-s1122597672.html?c=&channelLpJumpArgs=&clickTrackInfo=query%253Aresistor%252Bkit%253Bnid%253A156026363%253Bsrc%253ALazadaMainSrp%253Brn%253Ab4414b132edc13fa9496611264a51839%253Bregion%253Anp%253Bsku%253A156026363_NP%253Bprice%253A585%253Bclient%253Adesktop%253Bsupplier_id%253A900156978057%253Bsession_id%253A%253Bbiz_source%253Ahttps%253A%252F%252Fwww.daraz.com.np%252F%253Bslot%253A3%253Butlog_bucket_id%253A470687%253Basc_category_id%253A10000489%253Bitem_id%253A156026363%253Bsku_id%253A1122597672%253Bshop_id%253A87928%253BtemplateInfo%253A&freeshipping=0&fs_ab=1&fuse_fs=&lang=en&location=Bagmati%20Province&price=585&priceCompare=skuId%3A1122597672%3Bsource%3Alazada-search-voucher%3Bsn%3Ab4414b132edc13fa9496611264a51839%3BoriginPrice%3A58500%3BdisplayPrice%3A58500%3BsinglePromotionId%3A-1%3BsingleToolCode%3A-1%3BvoucherPricePlugin%3A0%3Btimestamp%3A1776154931675&ratingscore=4.375&request_id=b4414b132edc13fa9496611264a51839&review=8&sale=31&search=1&source=search&spm=a2a0e.searchlist.list.3&stock=1","Daraz Nepal"
"LDR","Used to change resistance according to light source for tremolo effect",1,2.27,"https://www.daraz.com.np/products/50-5528-5-ldr5528-i182298738-s1214149089.html?c=&channelLpJumpArgs=&clickTrackInfo=query%253AGL5528%253Bnid%253A182298738%253Bsrc%253ALazadaMainSrp%253Brn%253Ada9335cc8fd44d9cc8c9900113479464%253Bregion%253Anp%253Bsku%253A182298738_NP%253Bprice%253A339%253Bclient%253Adesktop%253Bsupplier_id%253A900262304077%253Bsession_id%253A%253Bbiz_source%253Ah5_external%253Bslot%253A0%253Butlog_bucket_id%253A470687%253Basc_category_id%253A10000489%253Bitem_id%253A182298738%253Bsku_id%253A1214149089%253Bshop_id%253A167264%253BtemplateInfo%253A&freeshipping=0&fs_ab=1&fuse_fs=&lang=en&location=Overseas&price=339&priceCompare=skuId%3A1214149089%3Bsource%3Alazada-search-voucher%3Bsn%3Ada9335cc8fd44d9cc8c9900113479464%3BoriginPrice%3A33900%3BdisplayPrice%3A33900%3BsinglePromotionId%3A-1%3BsingleToolCode%3AmockedSalePrice%3BvoucherPricePlugin%3A0%3Btimestamp%3A1776154450304&ratingscore=5.0&request_id=da9335cc8fd44d9cc8c9900113479464&review=1&sale=17&search=1&source=search&spm=a2a0e.searchlist.list.0&stock=1","Daraz Nepal"
"LED","To indicate status of each section",1,0.87,"https://www.daraz.com.np/products/led-5mm-mix-colors-pack-of-50-pcs-i129083282-s1037089095.html?c=&channelLpJumpArgs=&clickTrackInfo=query%253Aled%253Bnid%253A129083282%253Bsrc%253ALazadaMainSrp%253Brn%253Af736254f8f40c5599a8109bb3b8d54c6%253Bregion%253Anp%253Bsku%253A129083282_NP%253Bprice%253A130%253Bclient%253Adesktop%253Bsupplier_id%253A1010313%253Bsession_id%253A%253Bbiz_source%253Ah5_external%253Bslot%253A25%253Butlog_bucket_id%253A470687%253Basc_category_id%253A10000810%253Bitem_id%253A129083282%253Bsku_id%253A1037089095%253Bshop_id%253A20069%253BtemplateInfo%253A&freeshipping=0&fs_ab=1&fuse_fs=&lang=en&location=Bagmati%20Province&price=1.3E%202&priceCompare=skuId%3A1037089095%3Bsource%3Alazada-search-voucher%3Bsn%3Af736254f8f40c5599a8109bb3b8d54c6%3BoriginPrice%3A13000%3BdisplayPrice%3A13000%3BsinglePromotionId%3A-1%3BsingleToolCode%3A-1%3BvoucherPricePlugin%3A0%3Btimestamp%3A1776154121253&qSellingPoint=p--led&ratingscore=4.2272727272727275&request_id=f736254f8f40c5599a8109bb3b8d54c6&review=22&sale=143&search=1&source=search&spm=a2a0e.searchlist.list.25&stock=1","Daraz Nepal"
"Regulators","To regulate voltage",1,1.31,"https://www.daraz.com.np/products/10pcs-l7805cv-to220-7805-l7805-lm7805-mc7805-a-220-new-original-chipset-ic-i182091744-s1213493606.html?c=&channelLpJumpArgs=&clickTrackInfo=query%253ALM7805%253Bnid%253A182091744%253Bsrc%253ALazadaMainSrp%253Brn%253A4f31a79e3fa445dbbdafab5d8224c847%253Bregion%253Anp%253Bsku%253A182091744_NP%253Bprice%253A344%253Bclient%253Adesktop%253Bsupplier_id%253A900262304077%253Bsession_id%253A%253Bbiz_source%253Ah5_external%253Bslot%253A1%253Butlog_bucket_id%253A470687%253Basc_category_id%253A10000489%253Bitem_id%253A182091744%253Bsku_id%253A1213493606%253Bshop_id%253A167264%253BtemplateInfo%253A&freeshipping=0&fs_ab=1&fuse_fs=&lang=en&location=Overseas&price=344&priceCompare=skuId%3A1213493606%3Bsource%3Alazada-search-voucher%3Bsn%3A4f31a79e3fa445dbbdafab5d8224c847%3BoriginPrice%3A34400%3BdisplayPrice%3A34400%3BsinglePromotionId%3A-1%3BsingleToolCode%3A-1%3BvoucherPricePlugin%3A0%3Btimestamp%3A1776153047949&ratingscore=&request_id=4f31a79e3fa445dbbdafab5d8224c847&review=&sale=0&search=1&source=search&spm=a2a0e.searchlist.list.1&stock=1","Daraz Nepal"
"PT2399 IC","IC used in delay and chorus circuits",1,2.36,"https://www.daraz.com.np/products/5-2399-2399-16-i182322725-s1214190239.html?c=&channelLpJumpArgs=&clickTrackInfo=query%253APT2399%253Bnid%253A182322725%253Bsrc%253ALazadaMainSrp%253Brn%253A461e20f064c2fd7c35762d08d670d219%253Bregion%253Anp%253Bsku%253A182322725_NP%253Bprice%253A501%253Bclient%253Adesktop%253Bsupplier_id%253A900262304077%253Bsession_id%253A%253Bbiz_source%253Ah5_external%253Bslot%253A13%253Butlog_bucket_id%253A470687%253Basc_category_id%253A10000489%253Bitem_id%253A182322725%253Bsku_id%253A1214190239%253Bshop_id%253A167264%253BtemplateInfo%253A&freeshipping=0&fs_ab=1&fuse_fs=&lang=en&location=Overseas&price=501&priceCompare=skuId%3A1214190239%3Bsource%3Alazada-search-voucher%3Bsn%3A461e20f064c2fd7c35762d08d670d219%3BoriginPrice%3A50100%3BdisplayPrice%3A50100%3BsinglePromotionId%3A-1%3BsingleToolCode%3AmockedSalePrice%3BvoucherPricePlugin%3A0%3Btimestamp%3A1776152796635&qSellingPoint=p--pt2399&ratingscore=&request_id=461e20f064c2fd7c35762d08d670d219&review=&sale=0&search=1&source=search&spm=a2a0e.searchlist.list.13&stock=1","Daraz Nepal"
"LM555 Timer","Used to generate PWM pulses in the tremolo circuit",1,2.00,"https://www.daraz.com.np/products/10-pces-lm555cn-dip8-lm555-dip-8-555cn-dip-novo-e-original-ic-i463052898-s2075470658.html?c=&channelLpJumpArgs=&clickTrackInfo=query%253ALM555%253Bnid%253A463052898%253Bsrc%253ALazadaMainSrp%253Brn%253A07c144e2003bffb4d6fdd3d5c2678d5d%253Bregion%253Anp%253Bsku%253A463052898_NP%253Bprice%253A298%253Bclient%253Adesktop%253Bsupplier_id%253A900264400460%253Bsession_id%253A%253Bbiz_source%253Ah5_external%253Bslot%253A1%253Butlog_bucket_id%253A470687%253Basc_category_id%253A10000489%253Bitem_id%253A463052898%253Bsku_id%253A2075470658%253Bshop_id%253A173315%253BtemplateInfo%253A&freeshipping=0&fs_ab=1&fuse_fs=&lang=en&location=Overseas&price=298&priceCompare=skuId%3A2075470658%3Bsource%3Alazada-search-voucher%3Bsn%3A07c144e2003bffb4d6fdd3d5c2678d5d%3BoriginPrice%3A29800%3BdisplayPrice%3A29800%3BsinglePromotionId%3A-1%3BsingleToolCode%3A-1%3BvoucherPricePlugin%3A0%3Btimestamp%3A1776152654883&ratingscore=&request_id=07c144e2003bffb4d6fdd3d5c2678d5d&review=&sale=0&search=1&source=search&spm=a2a0e.searchlist.list.1&stock=1","Daraz Nepal"
"NE5532 Op Amp","IC used in the chorus effect circuit",1,1.78,"https://www.daraz.com.np/products/5532-5532-5532-i185487103-s1224283071.html?c=&channelLpJumpArgs=&clickTrackInfo=query%253ANE5532%253Bnid%253A185487103%253Bsrc%253ALazadaMainSrp%253Brn%253A7b806c7974f002e65a1fdb2a18178f13%253Bregion%253Anp%253Bsku%253A185487103_NP%253Bprice%253A266%253Bclient%253Adesktop%253Bsupplier_id%253A900262304077%253Bsession_id%253A%253Bbiz_source%253Ah5_pdp%253Bslot%253A1%253Butlog_bucket_id%253A470687%253Basc_category_id%253A10000489%253Bitem_id%253A185487103%253Bsku_id%253A1224283071%253Bshop_id%253A167264%253BtemplateInfo%253A&freeshipping=0&fs_ab=1&fuse_fs=&lang=en&location=Overseas&price=266&priceCompare=skuId%3A1224283071%3Bsource%3Alazada-search-voucher%3Bsn%3A7b806c7974f002e65a1fdb2a18178f13%3BoriginPrice%3A26600%3BdisplayPrice%3A26600%3BsinglePromotionId%3A-1%3BsingleToolCode%3AmockedSalePrice%3BvoucherPricePlugin%3A0%3Btimestamp%3A1776152540868&ratingscore=5.0&request_id=7b806c7974f002e65a1fdb2a18178f13&review=1&sale=3&search=1&source=search&spm=a2a0e.searchlist.list.1&stock=1","Daraz Nepal"
"TL072","IC used in the gain effects",1,1.69,"https://www.daraz.com.np/products/10pcs-tl072cn-tl072-dip8-dip-new-original-in-stock-i463059995-s2075527623.html?c=&channelLpJumpArgs=&clickTrackInfo=query%253ATL072%253Bnid%253A463059995%253Bsrc%253ALazadaMainSrp%253Brn%253Ad872fe3c952bbedecabc4a5eaa6f5bf8%253Bregion%253Anp%253Bsku%253A463059995_NP%253Bprice%253A252%253Bclient%253Adesktop%253Bsupplier_id%253A900264400460%253Bsession_id%253A%253Bbiz_source%253Ah5_external%253Bslot%253A10%253Butlog_bucket_id%253A470687%253Basc_category_id%253A10000489%253Bitem_id%253A463059995%253Bsku_id%253A2075527623%253Bshop_id%253A173315%253BtemplateInfo%253A&freeshipping=0&fs_ab=1&fuse_fs=&lang=en&location=Overseas&price=252&priceCompare=skuId%3A2075527623%3Bsource%3Alazada-search-voucher%3Bsn%3Ad872fe3c952bbedecabc4a5eaa6f5bf8%3BoriginPrice%3A25200%3BdisplayPrice%3A25200%3BsinglePromotionId%3A-1%3BsingleToolCode%3A-1%3BvoucherPricePlugin%3A0%3Btimestamp%3A1776152463938&qSellingPoint=p--tl072&ratingscore=&request_id=d872fe3c952bbedecabc4a5eaa6f5bf8&review=&sale=0&search=1&source=search&spm=a2a0e.searchlist.list.10&stock=1","Daraz Nepal"
"Diode","Acts as a one way valve",1,0.40,"https://www.daraz.com.np/products/10-pcs-1n4007-diode-i129814544-s1037658646.html?c=&channelLpJumpArgs=&clickTrackInfo=query%253ADiode%253Bnid%253A129814544%253Bsrc%253ALazadaMainSrp%253Brn%253A5ab8bbbec0b36e884421405087915d39%253Bregion%253Anp%253Bsku%253A129814544_NP%253Bprice%253A60%253Bclient%253Adesktop%253Bsupplier_id%253A900169312046%253Bsession_id%253A%253Bbiz_source%253Ah5_external%253Bslot%253A9%253Butlog_bucket_id%253A470687%253Basc_category_id%253A10001570%253Bitem_id%253A129814544%253Bsku_id%253A1037658646%253Bshop_id%253A106938%253BtemplateInfo%253A&freeshipping=0&fs_ab=1&fuse_fs=&lang=en&location=Bagmati%20Province&price=6E%201&priceCompare=skuId%3A1037658646%3Bsource%3Alazada-search-voucher%3Bsn%3A5ab8bbbec0b36e884421405087915d39%3BoriginPrice%3A6000%3BdisplayPrice%3A6000%3BsinglePromotionId%3A-1%3BsingleToolCode%3A-1%3BvoucherPricePlugin%3A0%3Btimestamp%3A1776152253362&ratingscore=4.25&request_id=5ab8bbbec0b36e884421405087915d39&review=4&sale=38&search=1&source=search&spm=a2a0e.searchlist.list.9&stock=1","Daraz Nepal"
"Schottky Diode","Similar to a regular diode",1,0.93,"https://www.daraz.com.np/products/100pcs-batch-of-schottky-rectifier-diodes-1n5817-1n5819-1n5399-1n4937-1n4004-1n4001-1n4007-uf4007-her107-fr207-fr157-fr107-rl207-do-41-i349349924-s1542860064.html","Daraz Nepal"
"1N4148 Diode","Acts as a one way valve",1,0.27,"https://www.daraz.com.np/products/1n4148-diode-pack-of-10-i129815432-s1037655901.html?c=&channelLpJumpArgs=&clickTrackInfo=query%253A1N4148%253Bnid%253A129815432%253Bsrc%253ALazadaMainSrp%253Brn%253A919a837441bbc2758e7bd48f9f178d01%253Bregion%253Anp%253Bsku%253A129815432_NP%253Bprice%253A40%253Bclient%253Adesktop%253Bsupplier_id%253A900169312046%253Bsession_id%253A%253Bbiz_source%253Ah5_external%253Bslot%253A0%253Butlog_bucket_id%253A470687%253Basc_category_id%253A10001570%253Bitem_id%253A129815432%253Bsku_id%253A1037655901%253Bshop_id%253A106938%253BtemplateInfo%253A&freeshipping=0&fs_ab=1&fuse_fs=&lang=en&location=Bagmati%20Province&price=4E%201&priceCompare=skuId%3A1037655901%3Bsource%3Alazada-search-voucher%3Bsn%3A919a837441bbc2758e7bd48f9f178d01%3BoriginPrice%3A4000%3BdisplayPrice%3A4000%3BsinglePromotionId%3A-1%3BsingleToolCode%3A-1%3BvoucherPricePlugin%3A0%3Btimestamp%3A1776152076163&ratingscore=5.0&request_id=919a837441bbc2758e7bd48f9f178d01&review=3&sale=32&search=1&source=search&spm=a2a0e.searchlist.list.0&stock=1","Daraz Nepal"
"2N3904","Used in circuit for sound filtering",1,0.63,"https://www.daraz.com.np/products/100pcslot-2n3904-2n3906-2n4403-2n2907-2n4401-2n2222-pn2222-2n5401-2n5551-to-92-to92-transistor-in-stock-i361437066-s1589617644.html","Daraz Nepal"
"Cable socket","To connect the guitar and amplifier to the pedalboard",2,2.07,"https://www.daraz.com.np/products/hosco-oj-50-mono-input-jack-socket-for-guitar-guitar-part-i121073063-s1032969614.html?c=&channelLpJumpArgs=&clickTrackInfo=query%253Aguitar%252Bjack%252Binput%253Bnid%253A121073063%253Bsrc%253ALazadaMainSrp%253Brn%253Af404c8f61dbd748b3926f6fb899d11eb%253Bregion%253Anp%253Bsku%253A121073063_NP%253Bprice%253A307%253Bclient%253Adesktop%253Bsupplier_id%253A9204%253Bsession_id%253A%253Bbiz_source%253Ah5_external%253Bslot%253A9%253Butlog_bucket_id%253A470687%253Basc_category_id%253A3722%253Bitem_id%253A121073063%253Bsku_id%253A1032969614%253Bshop_id%253A9240%253BtemplateInfo%253A&freeshipping=0&fs_ab=1&fuse_fs=&lang=en&location=Bagmati%20Province&price=307&priceCompare=skuId%3A1032969614%3Bsource%3Alazada-search-voucher%3Bsn%3Af404c8f61dbd748b3926f6fb899d11eb%3BoriginPrice%3A30700%3BdisplayPrice%3A30700%3BsinglePromotionId%3A50000040726001%3BsingleToolCode%3ApromPrice%3BvoucherPricePlugin%3A0%3Btimestamp%3A1775838279453&qSellingPoint=p--guitar%20jack%20input&ratingscore=5.0&request_id=f404c8f61dbd748b3926f6fb899d11eb&review=2&sale=48&search=1&source=search&spm=a2a0e.searchlist.list.9&stock=1","Daraz Nepal"